[
  {
    "name": " 天猫 ",
    "introduce":"郑州销量过百 正品保证 宝宝馋了溶豆豆婴儿无添加剂",
    "fan": "店铺已被40.8万人圈粉",
    "ju": "+",
    "price": "32.99",
    "payed": "3731人付款",
    "bk_1": " 广告 ",
    "bk_2": " 先用后付 ",
    "bk_3": " 包邮 ",
    "bk_4": " 公益 ",
    "dp": "宝宝馋了旗舰店"
  },
  {
    "name": " 京东 ",
    "introduce":"洽洽每日坚果洽洽混合坚果30包干果果仁小包装",
    "fan": "包装完好无破损 | 吃起来不会腻",
    "ju": " 聚 ",
    "price": "79",
    "payed": "4.6万人付款",
    "bk_1": "",
    "bk_2": " 满168减10 ",
    "bk_3": " 破损包退 ",
    "bk_4": " 包邮 ",
    "dp": "洽洽零食专卖店"
  },
  {
    "name": " 淘菜 ",
    "introduce":"洽洽南瓜子洽洽纸皮南瓜籽炒货新货小吃盐焗味南瓜籽",
    "fan": "包装好看精美 | 颗粒不算很大",
    "ju": " 聚 ",
    "price": "24.9",
    "payed": "1.9万人付款",
    "bk_1": "",
    "bk_2": " 满188减10 ",
    "bk_3": " 破损包退 ",
    "bk_4": " 包邮 ",
    "dp": "洽洽零食旗舰店"
  },
  {
    "name": " 国际 ",
    "introduce":"irvins新加坡进口网红高蛋白零食咸蛋黄鱼皮小吃零食",
    "fan": "nice这家店铺真棒",
    "ju": " + ",
    "price": "79.9",
    "payed": "999人付款",
    "bk_1": "",
    "bk_2": " 满1999减500 ",
    "bk_3": " 破损包退 ",
    "bk_4": " 包邮 ",
    "dp": "宝宝馋了旗舰店"
  }
]