<?xml version="1.0" encoding="utf-8"?>
<merger version="3"><dataSet config="main" ignore_pattern="!.svn:!.git:!.ds_store:!*.scc:.*:&lt;dir>_*:!CVS:!thumbs.db:!picasa.ini:!*~"><source path="D:\A MYspace\TaoBao20\app\src\main\assets"><file name="items.json" path="D:\A MYspace\TaoBao20\app\src\main\assets\items.json"/><file name="shopinfo.json" path="D:\A MYspace\TaoBao20\app\src\main\assets\shopinfo.json"/></source><source path="D:\A MYspace\TaoBao20\app\build\intermediates\shader_assets\debug\out"/></dataSet><dataSet config="debug" ignore_pattern="!.svn:!.git:!.ds_store:!*.scc:.*:&lt;dir>_*:!CVS:!thumbs.db:!picasa.ini:!*~"><source path="D:\A MYspace\TaoBao20\app\src\debug\assets"/></dataSet></merger>