<?xml version="1.0" encoding="utf-8"?>
<merger version="3" xmlns:ns1="http://schemas.android.com/tools"><dataSet aapt-namespace="http://schemas.android.com/apk/res-auto" config="main$Generated" generated="true" ignore_pattern="!.svn:!.git:!.ds_store:!*.scc:.*:&lt;dir>_*:!CVS:!thumbs.db:!picasa.ini:!*~"><source path="D:\A MYspace\TaoBao20\app\src\main\res"/><source path="D:\A MYspace\TaoBao20\app\build\generated\res\rs\release"/><source path="D:\A MYspace\TaoBao20\app\build\generated\res\resValues\release"/></dataSet><dataSet aapt-namespace="http://schemas.android.com/apk/res-auto" config="main" generated-set="main$Generated" ignore_pattern="!.svn:!.git:!.ds_store:!*.scc:.*:&lt;dir>_*:!CVS:!thumbs.db:!picasa.ini:!*~"><source path="D:\A MYspace\TaoBao20\app\src\main\res"><file name="anim_come_in" path="D:\A MYspace\TaoBao20\app\src\main\res\anim\anim_come_in.xml" qualifiers="" type="anim"/><file name="anim_get_out" path="D:\A MYspace\TaoBao20\app\src\main\res\anim\anim_get_out.xml" qualifiers="" type="anim"/><file name="left_in" path="D:\A MYspace\TaoBao20\app\src\main\res\anim\left_in.xml" qualifiers="" type="anim"/><file name="right_out" path="D:\A MYspace\TaoBao20\app\src\main\res\anim\right_out.xml" qualifiers="" type="anim"/><file name="activity" path="D:\A MYspace\TaoBao20\app\src\main\res\drawable\activity.jpg" qualifiers="" type="drawable"/><file name="ad1" path="D:\A MYspace\TaoBao20\app\src\main\res\drawable\ad1.jpg" qualifiers="" type="drawable"/><file name="ad2" path="D:\A MYspace\TaoBao20\app\src\main\res\drawable\ad2.jpg" qualifiers="" type="drawable"/><file name="ad3" path="D:\A MYspace\TaoBao20\app\src\main\res\drawable\ad3.jpg" qualifiers="" type="drawable"/><file name="ad4" path="D:\A MYspace\TaoBao20\app\src\main\res\drawable\ad4.jpg" qualifiers="" type="drawable"/><file name="back" path="D:\A MYspace\TaoBao20\app\src\main\res\drawable\back.jpg" qualifiers="" type="drawable"/><file name="cheche" path="D:\A MYspace\TaoBao20\app\src\main\res\drawable\cheche.jpg" qualifiers="" type="drawable"/><file name="contact_back" path="D:\A MYspace\TaoBao20\app\src\main\res\drawable\contact_back.png" qualifiers="" type="drawable"/><file name="d1" path="D:\A MYspace\TaoBao20\app\src\main\res\drawable\d1.jpg" qualifiers="" type="drawable"/><file name="d2" path="D:\A MYspace\TaoBao20\app\src\main\res\drawable\d2.jpg" qualifiers="" type="drawable"/><file name="d3" path="D:\A MYspace\TaoBao20\app\src\main\res\drawable\d3.jpg" qualifiers="" type="drawable"/><file name="d4" path="D:\A MYspace\TaoBao20\app\src\main\res\drawable\d4.jpg" qualifiers="" type="drawable"/><file name="down1" path="D:\A MYspace\TaoBao20\app\src\main\res\drawable\down1.jpg" qualifiers="" type="drawable"/><file name="down2" path="D:\A MYspace\TaoBao20\app\src\main\res\drawable\down2.jpg" qualifiers="" type="drawable"/><file name="down3" path="D:\A MYspace\TaoBao20\app\src\main\res\drawable\down3.jpg" qualifiers="" type="drawable"/><file name="down4" path="D:\A MYspace\TaoBao20\app\src\main\res\drawable\down4.jpg" qualifiers="" type="drawable"/><file name="gouwuche" path="D:\A MYspace\TaoBao20\app\src\main\res\drawable\gouwuche.png" qualifiers="" type="drawable"/><file name="head" path="D:\A MYspace\TaoBao20\app\src\main\res\drawable\head.jpg" qualifiers="" type="drawable"/><file name="ic_launcher_background" path="D:\A MYspace\TaoBao20\app\src\main\res\drawable\ic_launcher_background.xml" qualifiers="" type="drawable"/><file name="imgslide" path="D:\A MYspace\TaoBao20\app\src\main\res\drawable\imgslide.png" qualifiers="" type="drawable"/><file name="imgslide2" path="D:\A MYspace\TaoBao20\app\src\main\res\drawable\imgslide2.jpg" qualifiers="" type="drawable"/><file name="imgslide3" path="D:\A MYspace\TaoBao20\app\src\main\res\drawable\imgslide3.jpg" qualifiers="" type="drawable"/><file name="imgslide4" path="D:\A MYspace\TaoBao20\app\src\main\res\drawable\imgslide4.jpg" qualifiers="" type="drawable"/><file name="imgslide5" path="D:\A MYspace\TaoBao20\app\src\main\res\drawable\imgslide5.jpg" qualifiers="" type="drawable"/><file name="lianxiren" path="D:\A MYspace\TaoBao20\app\src\main\res\drawable\lianxiren.png" qualifiers="" type="drawable"/><file name="line" path="D:\A MYspace\TaoBao20\app\src\main\res\drawable\line.jpg" qualifiers="" type="drawable"/><file name="me" path="D:\A MYspace\TaoBao20\app\src\main\res\drawable\me.png" qualifiers="" type="drawable"/><file name="meclick" path="D:\A MYspace\TaoBao20\app\src\main\res\drawable\meclick.png" qualifiers="" type="drawable"/><file name="messageclick" path="D:\A MYspace\TaoBao20\app\src\main\res\drawable\messageclick.png" qualifiers="" type="drawable"/><file name="me_click" path="D:\A MYspace\TaoBao20\app\src\main\res\drawable\me_click.png" qualifiers="" type="drawable"/><file name="more" path="D:\A MYspace\TaoBao20\app\src\main\res\drawable\more.jpg" qualifiers="" type="drawable"/><file name="plus" path="D:\A MYspace\TaoBao20\app\src\main\res\drawable\plus.jpg" qualifiers="" type="drawable"/><file name="r1" path="D:\A MYspace\TaoBao20\app\src\main\res\drawable\r1.jpg" qualifiers="" type="drawable"/><file name="r10" path="D:\A MYspace\TaoBao20\app\src\main\res\drawable\r10.jpg" qualifiers="" type="drawable"/><file name="r2" path="D:\A MYspace\TaoBao20\app\src\main\res\drawable\r2.jpg" qualifiers="" type="drawable"/><file name="r3" path="D:\A MYspace\TaoBao20\app\src\main\res\drawable\r3.jpg" qualifiers="" type="drawable"/><file name="r4" path="D:\A MYspace\TaoBao20\app\src\main\res\drawable\r4.jpg" qualifiers="" type="drawable"/><file name="r5" path="D:\A MYspace\TaoBao20\app\src\main\res\drawable\r5.jpg" qualifiers="" type="drawable"/><file name="r6" path="D:\A MYspace\TaoBao20\app\src\main\res\drawable\r6.jpg" qualifiers="" type="drawable"/><file name="r7" path="D:\A MYspace\TaoBao20\app\src\main\res\drawable\r7.jpg" qualifiers="" type="drawable"/><file name="r8" path="D:\A MYspace\TaoBao20\app\src\main\res\drawable\r8.jpg" qualifiers="" type="drawable"/><file name="r9" path="D:\A MYspace\TaoBao20\app\src\main\res\drawable\r9.jpg" qualifiers="" type="drawable"/><file name="setting" path="D:\A MYspace\TaoBao20\app\src\main\res\drawable\setting.jpg" qualifiers="" type="drawable"/><file name="shape" path="D:\A MYspace\TaoBao20\app\src\main\res\drawable\shape.xml" qualifiers="" type="drawable"/><file name="shape2" path="D:\A MYspace\TaoBao20\app\src\main\res\drawable\shape2.xml" qualifiers="" type="drawable"/><file name="shape3" path="D:\A MYspace\TaoBao20\app\src\main\res\drawable\shape3.xml" qualifiers="" type="drawable"/><file name="shape4" path="D:\A MYspace\TaoBao20\app\src\main\res\drawable\shape4.xml" qualifiers="" type="drawable"/><file name="shapecontact" path="D:\A MYspace\TaoBao20\app\src\main\res\drawable\shapecontact.xml" qualifiers="" type="drawable"/><file name="shapemy" path="D:\A MYspace\TaoBao20\app\src\main\res\drawable\shapemy.xml" qualifiers="" type="drawable"/><file name="shapetypical" path="D:\A MYspace\TaoBao20\app\src\main\res\drawable\shapetypical.xml" qualifiers="" type="drawable"/><file name="shape_l" path="D:\A MYspace\TaoBao20\app\src\main\res\drawable\shape_l.xml" qualifiers="" type="drawable"/><file name="shape_r" path="D:\A MYspace\TaoBao20\app\src\main\res\drawable\shape_r.xml" qualifiers="" type="drawable"/><file name="shopclick" path="D:\A MYspace\TaoBao20\app\src\main\res\drawable\shopclick.png" qualifiers="" type="drawable"/><file name="shu" path="D:\A MYspace\TaoBao20\app\src\main\res\drawable\shu.jpg" qualifiers="" type="drawable"/><file name="someco" path="D:\A MYspace\TaoBao20\app\src\main\res\drawable\someco.jpg" qualifiers="" type="drawable"/><file name="sousuobtn" path="D:\A MYspace\TaoBao20\app\src\main\res\drawable\sousuobtn.jpg" qualifiers="" type="drawable"/><file name="taobao" path="D:\A MYspace\TaoBao20\app\src\main\res\drawable\taobao.png" qualifiers="" type="drawable"/><file name="taobaoclickn" path="D:\A MYspace\TaoBao20\app\src\main\res\drawable\taobaoclickn.png" qualifiers="" type="drawable"/><file name="tbtt" path="D:\A MYspace\TaoBao20\app\src\main\res\drawable\tbtt.jpg" qualifiers="" type="drawable"/><file name="tongxunlu" path="D:\A MYspace\TaoBao20\app\src\main\res\drawable\tongxunlu.jpg" qualifiers="" type="drawable"/><file name="topimg" path="D:\A MYspace\TaoBao20\app\src\main\res\drawable\topimg.jpg" qualifiers="" type="drawable"/><file name="touxiang" path="D:\A MYspace\TaoBao20\app\src\main\res\drawable\touxiang.png" qualifiers="" type="drawable"/><file name="weitao" path="D:\A MYspace\TaoBao20\app\src\main\res\drawable\weitao.png" qualifiers="" type="drawable"/><file name="weitaoclick" path="D:\A MYspace\TaoBao20\app\src\main\res\drawable\weitaoclick.png" qualifiers="" type="drawable"/><file name="xiaoxi" path="D:\A MYspace\TaoBao20\app\src\main\res\drawable\xiaoxi.png" qualifiers="" type="drawable"/><file name="xiaoxi_click" path="D:\A MYspace\TaoBao20\app\src\main\res\drawable\xiaoxi_click.png" qualifiers="" type="drawable"/><file name="add" path="D:\A MYspace\TaoBao20\app\src\main\res\drawable-v24\add.png" qualifiers="v24" type="drawable"/><file name="delete" path="D:\A MYspace\TaoBao20\app\src\main\res\drawable-v24\delete.png" qualifiers="v24" type="drawable"/><file name="ic_launcher_foreground" path="D:\A MYspace\TaoBao20\app\src\main\res\drawable-v24\ic_launcher_foreground.xml" qualifiers="v24" type="drawable"/><file name="img" path="D:\A MYspace\TaoBao20\app\src\main\res\drawable-v24\img.png" qualifiers="v24" type="drawable"/><file name="img_1" path="D:\A MYspace\TaoBao20\app\src\main\res\drawable-v24\img_1.png" qualifiers="v24" type="drawable"/><file name="img_2" path="D:\A MYspace\TaoBao20\app\src\main\res\drawable-v24\img_2.png" qualifiers="v24" type="drawable"/><file name="me_erweima" path="D:\A MYspace\TaoBao20\app\src\main\res\drawable-v24\me_erweima.png" qualifiers="v24" type="drawable"/><file name="me_setting" path="D:\A MYspace\TaoBao20\app\src\main\res\drawable-v24\me_setting.png" qualifiers="v24" type="drawable"/><file name="sub" path="D:\A MYspace\TaoBao20\app\src\main\res\drawable-v24\sub.png" qualifiers="v24" type="drawable"/><file name="white_dot" path="D:\A MYspace\TaoBao20\app\src\main\res\drawable-v24\white_dot.png" qualifiers="v24" type="drawable"/><file name="activity_contact" path="D:\A MYspace\TaoBao20\app\src\main\res\layout\activity_contact.xml" qualifiers="" type="layout"/><file name="activity_login" path="D:\A MYspace\TaoBao20\app\src\main\res\layout\activity_login.xml" qualifiers="" type="layout"/><file name="activity_main" path="D:\A MYspace\TaoBao20\app\src\main\res\layout\activity_main.xml" qualifiers="" type="layout"/><file name="activity_sou_suo" path="D:\A MYspace\TaoBao20\app\src\main\res\layout\activity_sou_suo.xml" qualifiers="" type="layout"/><file name="bottom" path="D:\A MYspace\TaoBao20\app\src\main\res\layout\bottom.xml" qualifiers="" type="layout"/><file name="fragment_home" path="D:\A MYspace\TaoBao20\app\src\main\res\layout\fragment_home.xml" qualifiers="" type="layout"/><file name="fragment_message" path="D:\A MYspace\TaoBao20\app\src\main\res\layout\fragment_message.xml" qualifiers="" type="layout"/><file name="fragment_my" path="D:\A MYspace\TaoBao20\app\src\main\res\layout\fragment_my.xml" qualifiers="" type="layout"/><file name="fragment_shop" path="D:\A MYspace\TaoBao20\app\src\main\res\layout\fragment_shop.xml" qualifiers="" type="layout"/><file name="fragment_wei" path="D:\A MYspace\TaoBao20\app\src\main\res\layout\fragment_wei.xml" qualifiers="" type="layout"/><file name="recyclerview_item" path="D:\A MYspace\TaoBao20\app\src\main\res\layout\recyclerview_item.xml" qualifiers="" type="layout"/><file name="recycler_chat" path="D:\A MYspace\TaoBao20\app\src\main\res\layout\recycler_chat.xml" qualifiers="" type="layout"/><file name="recycler_contacts" path="D:\A MYspace\TaoBao20\app\src\main\res\layout\recycler_contacts.xml" qualifiers="" type="layout"/><file name="recycler_item" path="D:\A MYspace\TaoBao20\app\src\main\res\layout\recycler_item.xml" qualifiers="" type="layout"/><file name="recycle_shop" path="D:\A MYspace\TaoBao20\app\src\main\res\layout\recycle_shop.xml" qualifiers="" type="layout"/><file name="sousuo_item" path="D:\A MYspace\TaoBao20\app\src\main\res\layout\sousuo_item.xml" qualifiers="" type="layout"/><file name="ic_launcher" path="D:\A MYspace\TaoBao20\app\src\main\res\mipmap-anydpi-v26\ic_launcher.xml" qualifiers="anydpi-v26" type="mipmap"/><file name="ic_launcher_round" path="D:\A MYspace\TaoBao20\app\src\main\res\mipmap-anydpi-v26\ic_launcher_round.xml" qualifiers="anydpi-v26" type="mipmap"/><file name="ic_launcher" path="D:\A MYspace\TaoBao20\app\src\main\res\mipmap-hdpi\ic_launcher.webp" qualifiers="hdpi-v4" type="mipmap"/><file name="ic_launcher_round" path="D:\A MYspace\TaoBao20\app\src\main\res\mipmap-hdpi\ic_launcher_round.webp" qualifiers="hdpi-v4" type="mipmap"/><file name="ic_launcher" path="D:\A MYspace\TaoBao20\app\src\main\res\mipmap-mdpi\ic_launcher.webp" qualifiers="mdpi-v4" type="mipmap"/><file name="ic_launcher_round" path="D:\A MYspace\TaoBao20\app\src\main\res\mipmap-mdpi\ic_launcher_round.webp" qualifiers="mdpi-v4" type="mipmap"/><file name="ic_launcher" path="D:\A MYspace\TaoBao20\app\src\main\res\mipmap-xhdpi\ic_launcher.webp" qualifiers="xhdpi-v4" type="mipmap"/><file name="ic_launcher_round" path="D:\A MYspace\TaoBao20\app\src\main\res\mipmap-xhdpi\ic_launcher_round.webp" qualifiers="xhdpi-v4" type="mipmap"/><file name="ic_launcher" path="D:\A MYspace\TaoBao20\app\src\main\res\mipmap-xxhdpi\ic_launcher.webp" qualifiers="xxhdpi-v4" type="mipmap"/><file name="ic_launcher_round" path="D:\A MYspace\TaoBao20\app\src\main\res\mipmap-xxhdpi\ic_launcher_round.webp" qualifiers="xxhdpi-v4" type="mipmap"/><file name="ic_launcher" path="D:\A MYspace\TaoBao20\app\src\main\res\mipmap-xxxhdpi\ic_launcher.webp" qualifiers="xxxhdpi-v4" type="mipmap"/><file name="ic_launcher_round" path="D:\A MYspace\TaoBao20\app\src\main\res\mipmap-xxxhdpi\ic_launcher_round.webp" qualifiers="xxxhdpi-v4" type="mipmap"/><file path="D:\A MYspace\TaoBao20\app\src\main\res\values\colors.xml" qualifiers=""><color name="purple_200">#FFBB86FC</color><color name="purple_500">#FF6200EE</color><color name="purple_700">#FF3700B3</color><color name="teal_200">#FF03DAC5</color><color name="teal_700">#FF018786</color><color name="black">#FF000000</color><color name="white">#FFFFFFFF</color></file><file path="D:\A MYspace\TaoBao20\app\src\main\res\values\strings.xml" qualifiers=""><string name="app_name">TaoBao2.0</string><string name="hello_blank_fragment">Hello blank fragment</string><string-array name="cities">
        <item>北京</item>
        <item>上海</item>
        <item>广州</item>
        <item>深圳</item>
        <item>成都</item>
        <item>银川</item>
        <item>济南</item>
        <item>合肥</item>
        <item>南京</item>
        <item>长沙</item>
        <item>武汉</item>
        <item>杭州</item>
        <item>南昌</item>
        <item>桂林</item>
        <item>昆明</item>
    </string-array><string name="title_activity_login">LoginActivity</string><string name="prompt_email">Email</string><string name="prompt_password">Password</string><string name="action_sign_in">Sign in or register</string><string name="action_sign_in_short">Sign in</string><string name="welcome">"Welcome !"</string><string name="invalid_username">Not a valid username</string><string name="invalid_password">Password must be >5 characters</string><string name="login_failed">"Login failed"</string></file><file path="D:\A MYspace\TaoBao20\app\src\main\res\values\themes.xml" qualifiers=""><style name="Theme.TaoBao20" parent="Theme.MaterialComponents.DayNight.DarkActionBar">
        
        <item name="colorPrimary">#F28500</item>
        <item name="colorPrimaryVariant">@color/purple_700</item>
        <item name="colorOnPrimary">@color/white</item>
        
        <item name="colorSecondary">@color/teal_200</item>
        <item name="colorSecondaryVariant">@color/teal_700</item>
        <item name="colorOnSecondary">@color/black</item>
        
        <item name="android:statusBarColor" ns1:targetApi="l">#F28500</item>
        
    </style></file><file path="D:\A MYspace\TaoBao20\app\src\main\res\values-night\themes.xml" qualifiers="night-v8"><style name="Theme.TaoBao20" parent="Theme.MaterialComponents.DayNight.DarkActionBar">
        
        <item name="colorPrimary">@color/purple_200</item>
        <item name="colorPrimaryVariant">@color/purple_700</item>
        <item name="colorOnPrimary">@color/black</item>
        
        <item name="colorSecondary">@color/teal_200</item>
        <item name="colorSecondaryVariant">@color/teal_200</item>
        <item name="colorOnSecondary">@color/black</item>
        
        <item name="android:statusBarColor" ns1:targetApi="l">?attr/colorPrimaryVariant</item>
        
    </style></file><file name="backup_rules" path="D:\A MYspace\TaoBao20\app\src\main\res\xml\backup_rules.xml" qualifiers="" type="xml"/><file name="data_extraction_rules" path="D:\A MYspace\TaoBao20\app\src\main\res\xml\data_extraction_rules.xml" qualifiers="" type="xml"/><file name="activity_messagelogin" path="D:\A MYspace\TaoBao20\app\src\main\res\layout\activity_messagelogin.xml" qualifiers="" type="layout"/></source><source path="D:\A MYspace\TaoBao20\app\build\generated\res\rs\release"/><source path="D:\A MYspace\TaoBao20\app\build\generated\res\resValues\release"/></dataSet><dataSet aapt-namespace="http://schemas.android.com/apk/res-auto" config="release$Generated" generated="true" ignore_pattern="!.svn:!.git:!.ds_store:!*.scc:.*:&lt;dir>_*:!CVS:!thumbs.db:!picasa.ini:!*~"><source path="D:\A MYspace\TaoBao20\app\src\release\res"/></dataSet><dataSet aapt-namespace="http://schemas.android.com/apk/res-auto" config="release" generated-set="release$Generated" ignore_pattern="!.svn:!.git:!.ds_store:!*.scc:.*:&lt;dir>_*:!CVS:!thumbs.db:!picasa.ini:!*~"><source path="D:\A MYspace\TaoBao20\app\src\release\res"/></dataSet><mergedItems/></merger>